Model,MAE,RMSE,R2
XGBoost,0.6852142434401679,1.0524300430014117,0.9853200599615529
LightGBM,0.42745340009893906,0.6408581016687025,0.994556708836907
Gradient Boosting,0.36669333826397077,0.5593022675919526,0.9958539840580752
Random Forest,0.6871531657047167,1.0869243549805865,0.9843419942618438
Extra Trees,0.41473146793826915,0.768761109060713,0.9921671354463466
