Model,MAE,RMSE,R2
XGBoost,0.3491973773666716,0.48610086286491716,0.9888831575070932
LightGBM,0.1614175836540285,0.23681700839267641,0.9973615160928728
Gradient Boosting,0.1487431581386344,0.23051149658946307,0.9975001505810459
Random Forest,0.30849978211575607,0.4613120829009479,0.9899880579198145
Extra Trees,0.18971867782727048,0.33849639949341453,0.994609404112613
