Model,MAE,RMSE,R2
XGBoost,0.11437488364456877,0.14119691752506477,-0.13353063821205602
LightGBM,0.11375044776452042,0.14157487189377707,-0.13960720508215507
Gradient Boosting,0.1147650647462086,0.14194109093718138,-0.14551059231427144
Random Forest,0.11036869282275541,0.1341219289386436,-0.022780438873434727
