Model,MAE,RMSE,R2
XGBoost,4.237393295593263,5.318683142706083,-0.12831930956670146
LightGBM,4.174646014401695,5.307828767918851,-0.12371865813223692
Gradient Boosting,4.23166402073172,5.332205907945295,-0.1340641127355462
Random Forest,4.008801869814798,5.03628656056231,-0.011683461175477472
